{
    "swagger": "2.0",
    "info": {
        "description": "This is a sample server celler server.",
        "title": "Swagger Example API",
        "termsOfService": "http://swagger.io/terms/",
        "contact": {
            "name": "API Support",
            "url": "http://www.swagger.io/support",
            "email": "support@swagger.io"
        },
        "license": {
            "name": "Apache 2.0",
            "url": "http://www.apache.org/licenses/LICENSE-2.0.html"
        },
        "version": "1.0"
    },
    "host": "localhost:8080",
    "basePath": "/api/v1",
    "paths": {
        "/hello": {
            "get": {
                "description": "get hallo world",
                "consumes": [
                    "application/json"
                ],
                "produces": [
                    "application/json"
                ],
                "tags": [
                    "assigment"
                ],
                "summary": "get hallo world",
                "parameters": [
                    {
                        "type": "integer",
                        "description": "Account ID",
                        "name": "id",
                        "in": "path",
                        "required": true
                    }
                ],
                "responses": {
                    "200": {
                        "description": "OK",
                        "schema": {
                            "$ref": "#/definitions/response.Response"
                        }
                    }
                }
            }
        },
        "/todo/": {
            "post": {
                "description": "get todo world",
                "consumes": [
                    "application/json"
                ],
                "produces": [
                    "application/json"
                ],
                "tags": [
                    "assigment"
                ],
                "summary": "create todo",
                "parameters": [
                    {
                        "description": "id",
                        "name": "id",
                        "in": "body",
                        "required": true,
                        "schema": {
                            "$ref": "#/definitions/models.Todo"
                        }
                    }
                ],
                "responses": {
                    "200": {
                        "description": "OK",
                        "schema": {
                            "$ref": "#/definitions/response.Response"
                        }
                    }
                }
            }
        },
        "/todo/{id}": {
            "get": {
                "description": "get todo",
                "consumes": [
                    "application/json"
                ],
                "produces": [
                    "application/json"
                ],
                "tags": [
                    "assigment"
                ],
                "summary": "get todo",
                "parameters": [
                    {
                        "type": "integer",
                        "description": "id",
                        "name": "id",
                        "in": "path",
                        "required": true
                    }
                ],
                "responses": {
                    "200": {
                        "description": "OK",
                        "schema": {
                            "$ref": "#/definitions/response.Response"
                        }
                    }
                }
            }
        }
    },
    "definitions": {
        "models.Todo": {
            "type": "object",
            "properties": {
                "id": {
                    "type": "integer"
                },
                "name": {
                    "type": "string"
                }
            }
        },
        "response.Response": {
            "type": "object",
            "properties": {
                "data": {},
                "status": {
                    "type": "integer"
                }
            }
        }
    }
}